time,open,high,low,close,Basis,Upper,Lower,Volume,Volume MA,RSI,RSI-based MA,Regular Bullish,Regular Bullish Label,Regular Bearish,Regular Bearish Label,ADX,+DI,-DI
2020-10-19,2350.60009766,2462.10009766,2323.60009766,2443,2243.052526857,2597.9749012487923,1888.1301524652076,599000016,704836504,59.00761477574988,56.80080961165894,,,,,19.75827143163675,28.13125528975158,23.704900746044864
2020-10-26,2432.80004883,2434.75,2279.44995117,2343.60009766,2261.9275329605,2595.4335270453166,1928.421538875683,518362000,692523304,54.169199622394395,57.04510400140225,,,,,18.62894476584411,25.93179201656153,23.962130577058996
2020-11-02,2350.80004883,2512.5,2325.19995117,2500.35009766,2287.0675354019995,2612.7792825773386,1961.3557882266603,608922000,681819854,59.77114666356234,57.52640224251039,,,,,18.08982575388278,27.301926646194314,21.854739518775677
2020-11-09,2525.64990234,2712,2502.19995117,2694.15,2319.6075366225,2670.4868781842056,1968.7281950607946,799920103,677430759.15,65.40187760535909,57.999181264534776,,,,,18.67071039312123,33.775237778314555,19.74186921916674
2020-11-17,2723.14990234,2828.19995117,2718.80004883,2774.75,2357.9200366225,2731.1736692035915,1984.6664040414087,606879992,673823758.75,67.44286124511501,58.419556245350904,,,,,19.718651471920964,37.04830679870576,18.520589142440826
2020-11-23,2792.89990234,2963.75,2779.5,2925.75,2400.2975390639995,2825.706015240744,1974.8890628872552,887032024,656948009.55,70.90562322417466,58.852748105325034,,,,,21.206544797706613,40.02536382660627,16.93031543435571
2020-12-01,2968.85009766,3193.55004883,2935.69995117,3161.35009766,2453.2150439469997,2970.83880340289,1935.5912844911095,824168992,658856709.15,75.31685697690654,59.61275130585362,,,,,23.288232161117612,45.329339409922746,14.969016152214609
2020-12-07,3168.25,3202.35009766,3056.69995117,3146.10009766,2506.1450488299993,3077.1060418440093,1935.1840558159895,813340000,667656858.75,74.52916516579627,60.56922438656831,,,,,25.24517613650581,42.83298485066206,14.017872974451674
2020-12-14,3178.05004883,3289.30004883,3150.60009766,3216.60009766,2559.6100512714993,3183.9158722245566,1935.3042303184423,892196992,676811558.75,75.78973701934457,61.852213913150614,,,,,27.29847843385995,43.960472688871825,13.134235612493699
2020-12-21,3188.85009766,3223.89990234,2980.25,3144.30004883,2601.10754883,3263.8379454025994,1938.3771522574002,640732008,667908059.15,71.86186724367968,62.93253816564812,,,,,27.842120025965695,39.408591494278376,19.013688578568154
2020-12-28,3181.39990234,3284.5,3163.69995117,3258.85009766,2643.7600512715,3358.4842518413525,1929.035850701647,798287000,671491059.15,74.14790691659996,64.77736240290517,,,,,28.557641966805893,39.63864713571176,17.867245557225388
2021-01-04,3291.5,3581.85009766,3287.10009766,3529.19995117,2694.0400439469995,3503.1330253789865,1884.9470625150125,1048622000,689361459.15,78.57251857514115,66.6817257154044,,,78.57251857514115,,30.07965472130309,46.460120941900534,15.542169877536198
2021-01-11,3532.69995117,3586.89990234,3420.39990234,3449.14990234,2740.4800341809996,3608.817124250854,1872.1429441111454,1285605984,717631607.55,74.5062833875766,68.29689563491918,,,,,31.505561911031453,43.534312508942264,14.495051798771772
2021-01-18,3449.89990234,3462.69995117,3212.19995117,3231.44995117,2779.4850268564996,3662.32975387005,1896.6402998429494,912618984,730265955.95,64.69993970828088,69.00875700926294,,,,,31.380562381143868,39.249815876274546,21.2482673000346
2021-01-25,3276,3304,3062.69995117,3077.44995117,2814.1425219735,3686.571676688741,1941.7133672582595,885002992,743765905.15,58.803813466042435,68.99419977285525,58.803813466042435,,,,30.387176934558706,35.61383780905327,25.01930758512052
2021-02-01,3096.25,3466.80004883,3071.94995117,3443.14990234,2868.190019532,3755.7302955071345,1980.6497435568651,1046399968,768296253.55,66.5900499342212,69.88140336655717,,,,,30.053733891687035,36.402111107776534,21.508178568885118
2021-02-08,3467.10009766,3593.14990234,3450.30004883,3486.25,2933.870024415,3799.9628059798943,2067.7772428501057,917495976,781176252.35,67.37273892742246,70.42437424254717,,,,,30.153048149345445,38.99916446025692,20.34036393426344
2021-02-15,3508.25,3644.80004883,3463.14990234,3552.10009766,2998.412529298,3846.59406162267,2150.2309969733305,795469008,798729602.35,68.58370296759153,70.65164748270664,,,,,30.405968718919468,38.30049980167575,18.995292232346586
2021-02-22,3561.55004883,3945.80004883,3558.85009766,3822.64990234,3076.502519532,3926.2633722362907,2226.741666827709,1594022976,849089600.75,73.0151549007383,71.04966845810829,,,,,31.44968159277005,43.402030310780404,16.45542957495899
2021-03-01,3877.25,4075.39990234,3811.35009766,3869.39990234,3153.480009766,3997.6545503043385,2309.3054692276614,1017938992,874600900.35,73.70535874272133,71.24964956657591,,,,,32.707024207062005,43.90223257971942,15.006190966133715
2021-03-08,3922.14990234,3953.75,3760.85009766,3840.19995117,3223.3400073245,4051.8745356252693,2394.805479023731,591800984,874240948.75,72.45874067179528,71.0454984019251,,,,,33.55651539257391,41.05742301746221,15.730199642181447
2021-03-15,3845.5,3903.55004883,3631.14990234,3832.5,3297.7850024415006,4061.8059138036624,2533.764091079339,787207992,887683248.35,72.11237512740601,70.87287054204009,,,,,33.55707039492962,37.37442777865505,18.590275150088363
2021-03-22,3835,3894.89990234,3614.39990234,3855.30004883,3365.5325000000003,4072.888972518673,2658.1760274813273,799229008,897198598.75,72.53108945858472,70.6401100019858,,,,,33.45738653517314,33.9929358366549,17.448575909682173
2021-03-30,3914.25,4204.39990234,3907.75,4189.14990234,3440.2824951169996,4163.830119645127,2716.734870588873,621361000,888270643.6,77.78960024598206,71.06351950215027,,,,,34.202461875023985,39.90481629991406,15.561510169815826
2021-04-05,4206.10009766,4588.85009766,4101.14990234,4467.29980469,3524.9099853515,4310.556296975194,2739.2636737278062,1370857008,926469494.4,81.04534035530763,71.55619331920082,,,,,35.647070532136944,45.351915665407965,13.383824374916445
2021-04-12,4372.64990234,4500.85009766,4166.45019531,4434,3600.3224853515,4429.769493713302,2770.8754769896973,847613008,924498543.6,79.54206793408343,71.62544684483954,,,,,36.98849285659897,41.10444700667102,12.130351975075632
2021-04-19,4302.35009766,4528.20019531,4266.85009766,4446.85009766,3664.5974853515,4545.64214110362,2783.55282959938,678148000,917197494,79.69855770614103,71.99632358187986,,,,,38.28377201909126,38.8656957330626,11.244018208404444
2021-04-26,4491,4936.5,4488.85009766,4847.95019531,3749.6899902339997,4736.38830628877,2762.9916741792294,1602950976,956678042.8,83.850979292423,73.36425498074716,,,,,40.11801438422776,44.58582721489102,9.799347869120195
2021-05-03,4825.79980469,5387.10009766,4786.04980469,5335.85009766,3855.6524902339997,5028.25863547004,2683.0463449979597,1765961024,1000366244.4,87.26357435721424,75.39709504440228,,,87.26357435721424,,42.30957088056219,48.99704131416165,8.376608753717992
2021-05-10,5425.39990234,5524.25,4984.39990234,5091.35009766,3953.0049926754996,5194.488133576022,2711.521851774977,1703800032,1053519645.6,78.3304754001392,76.23569686339643,,,,,44.46669519312748,46.091903090520184,7.345100112157457
2021-05-17,5117.95019531,5365.64990234,5036.25,5099.14990234,4045.0199829095,5338.763691131625,2751.276274687375,1162390000,1071724795.6,78.4064176381838,77.02381677130795,,,,,46.469739197652395,42.64148350746704,6.795249149902736
2021-05-24,5098.45019531,5188.54980469,4987.25,5055.75,4121.347485351,5463.573324958224,2779.121645743776,1157088000,1077148095.6,76.79373282945824,77.610247475727,,,,,48.03787861871543,40.63932557215723,7.619117534672988
2021-05-31,5081.10009766,5360.75,5034.64990234,5339.14990234,4215.847485351,5620.157932422094,2811.5370382799056,840756000,1054905596.4,79.72617351282415,78.08960594801884,,,,,49.679540919552544,41.56048539527179,7.042257825042998
2021-06-07,5379.10009766,5421.5,5173.45019531,5406.79980469,4324.614978027,5743.992357806026,2905.237598247974,1047963984,1061672846.4,80.36403781313741,78.56522588162,,,,,51.26667127856794,40.56364809301363,6.630997297139701
2021-06-14,5369.75,5412.75,4858.79980469,5048.64990234,4423.1749755855,5753.414445468793,3092.9355057022067,1202895008,1077567447.2,68.14089821954096,78.25680856360182,,,,,50.9650043570008,35.568108639528404,12.809614553862174
2021-06-21,4969,5250.29980469,4925.79980469,5223.95019531,4512.214990234,5806.039905772406,3218.3900746955933,890368000,1069765848.8,70.50553294802667,78.1420341222176,,,,,50.684885072688445,33.00397694645287,11.886159809992636
2021-06-28,5253.04980469,5316.95019531,5114.95019531,5130.04980469,4594.4049804685,5824.358342772364,3364.451618164636,965529992,1072167549.6,67.61075176113746,77.79058142954277,67.61075176113746,,,,50.55453239754827,33.00357430354149,11.338204436875529
2021-07-05,5159.14990234,5300.60009766,5124.5,5273.60009766,4680.4799804685,5845.868739055365,3515.0912218816347,959938000,1080390999.2,69.66148083354464,77.21000147151153,,,,,50.43349062777526,31.634407864297074,10.867834505016475
2021-07-12,5313.5,5396.79980469,5235.89990234,5391.29980469,4758.912475586,5893.550219269889,3624.274731902112,683350000,1034857350.4,71.26780154727705,76.51160584236649,,,,,50.5194605167906,32.73859471746836,10.441605107541204
2021-07-19,5334.5,5412.04980469,5148.60009766,5353.79980469,4833.1324707035,5918.443505367878,3747.821436039122,717868000,1019853800.8,69.99619463460645,75.8297577495467,,,,,50.053434349277715,30.620983895949145,11.909609346978591
2021-07-26,5402.60009766,5879.10009766,5350,5770.35009766,4929.639978028,5987.532989854095,3871.7469662019043,1350863024,1057806902.8,75.27380844451001,75.51370423085878,,,,,50.52086210133632,37.6964705293769,10.447962292766501
2021-08-02,5815.64990234,5905.29980469,5664.5,5841.35009766,5030.082482911,6032.221534885435,4027.9434309365643,866819008,1061787453.6,76.04718916343825,74.95629065021701,,,76.04718916343825,76.04718916343825,50.9964803602665,36.17495306445429,9.855157712998228
2021-08-09,5861.54980469,5861.54980469,5540.04980469,5799.29980469,5127.282470704,6026.619800699985,4227.945140708015,1030392992,1073345652.8,74.5597610718511,74.04887541554821,,,,,50.71732986813798,33.44636248041341,12.03155217900575
2021-08-16,5818.79980469,5936.10009766,5302.10009766,5335.95019531,5184.6224853525,5977.305287422873,4391.939683282127,773838992,1080969552.4,60.514318764306815,72.77629279870304,,,,,49.23139322782236,28.82845954477945,15.552302209947557
2021-08-23,5410.79980469,5533,5171.95019531,5492.70019531,5235.892504883499,5966.579561374375,4505.205448392623,1066087008,1065731052.4,63.05018648229024,71.67941914471064,,,,,47.254446683993116,26.577954448994245,17.15227817993093
2021-08-30,5544.25,5746.39990234,5542.89990234,5719.35009766,5300.1600097665,5960.101110708636,4640.218908824363,870749992,1066887901.6,66.4093984680686,70.93768097603996,,,,,45.9904394178438,29.78731520253037,16.19554327286795
2021-09-06,5757.5,5798.79980469,5682.70019531,5765.14990234,5366.075000000499,5927.999080087652,4804.150919913346,588520000,1062406501.6,67.06106804477618,70.0330305854651,,,,,44.948911201593916,30.197888246739577,15.762248495504643
2021-09-13,5803.60009766,5913.85009766,5615.54980469,5683.85009766,5407.869995117999,5932.538390588626,4883.201599647372,705954992,1017556702.4,64.66292241036382,68.91152234240984,,,,,44.26833584772456,30.774844862913373,14.675827530836205
2021-09-20,5565.20019531,5627.29980469,5268.95019531,5498.20019531,5415.9875000004995,5940.971200272223,4891.003799728776,929986000,975757951.2,59.436016434721495,68.2897450720656,,,,,42.09361493230318,27.894930418011942,21.11997154664596
2021-09-27,5501.39990234,5733.10009766,5478.85009766,5638.79980469,5443.359985352,5954.693584637476,4932.026386066524,960638024,938599850.8,61.94487719778489,67.67826966133404,,,,,40.38089150760345,28.692823035296914,19.89153074817383
2021-10-04,5669.70019531,5861.70019531,5606.95019531,5681.45019531,5472.475000000499,5968.1690455694325,4976.780954431565,984113000,929686000.8,62.69855410763888,67.32739840036984,,,,,39.14857474478876,29.979535826486057,18.71682015613907
2021-10-11,5718.79980469,6079.54980469,5707.64990234,6019.20019531,5520.647509765999,6031.998628603365,5009.296390928632,764724008,910067801.2,68.08841424951461,67.2150365015106,,,68.08841424951461,68.08841424951461,38.555912601214956,32.21632210802219,17.02479501087374
2021-10-18,6157.20019531,6312.20019531,5645.25,5690.10009766,5538.195019531999,6047.511096196378,5028.878942867619,1246324000,930346201.2,59.123801805321236,66.34760794851375,,,,,38.51716306186686,32.59023333757162,14.637396499906755
2021-10-25,5715.25,5855.54980469,5482.29980469,5563.39990234,5546.025024414498,6051.82315289046,5040.2268959385365,854707008,920683352.4,56.06344517957062,65.35241155886834,,,,,37.76682158209554,30.05051237153974,16.898871463120873
2021-11-01,5648.5,5764.75,5616.89990234,5697.95019531,5578.490039062998,6033.193994581174,5123.786083544823,605736008,890825402.4,58.51900702323273,64.1556400287771,,,,,37.070075922307886,28.74897222360954,16.166951840851993
2021-11-08,5751.10009766,5812.60009766,5626.79980469,5728.70019531,5603.727539062998,6032.1909325811985,5175.264145544798,802661000,886440052.4,59.0818484290412,62.94382997632017,,,,,36.54693842565804,28.6253640376563,15.499820137478686
2021-11-15,5754.75,5761.25,5405.35009766,5423.89990234,5618.420043945499,5998.302759219503,5238.537328671495,545884008,865457753.2,51.607029146356744,61.30434912449914,,,,,35.06794916908923,26.379820742609947,19.16502177951394
2021-11-22,5433.04980469,5687.35009766,5309,5323.75,5620.927539062499,5992.2382649046085,5249.616813220389,1225958000,878758753.2,49.39568922605847,60.510161300338545,49.39568922605847,,,,33.298965603052025,24.20590639481471,19.684262522236274
2021-11-29,5312,5460.39990234,5174,5392.39990234,5620.982543944998,5992.157489077179,5249.807598812817,853462976,887264402,50.947302960646596,59.64566962022114,,,,,31.126151084638504,22.682140254438075,21.412410183708324
2021-12-06,5393.14990234,5677.10009766,5313.60009766,5658.89990234,5636.237548827498,5986.7374791846505,5285.737618470346,819565008,892349252.4,56.52070722283739,58.93933453127605,,,,,29.83143067360003,25.608166635858762,19.715995896350865
2021-12-13,5738.95019531,5758.85009766,5466.35009766,5476.79980469,5621.560034178999,5972.9505962827325,5270.169472075265,656275000,857619851.2,52.15966680616907,57.8749487285184,,,,,28.88158949156285,25.758533841484176,18.449354488931814
2021-12-20,5400.10009766,5603.95019531,5195.35009766,5492.70019531,5604.127539061498,5944.596622540716,5263.65845558228,548665992,841712200.4,52.504270071984635,57.00647356149131,,,,,26.945494300862777,23.488427585521436,22.66856092832443
2021-12-27,5477.64990234,5548.39990234,5407.45019531,5521.75,5590.250048826998,5920.231301322656,5260.26879633134,394695000,809927300.8,53.167994882772625,56.558757736352106,,,,,25.147691623784134,22.74380108366207,21.949925712544854
2022-01-03,5529.95019531,5706.95019531,5526.14990234,5684.85009766,5607.695043944498,5918.382131426533,5297.007956462463,605120000,801491351.2,56.81674830332375,56.192462815319175,,,,,24.033457673821378,25.442830711917505,21.007554543487583
2022-01-10,5714.64990234,5901.89990234,5602.89990234,5871.39990234,5626.630029295999,5952.752121575577,5300.50793701642,680397000,782206850.8,60.59807708670386,56.042428742395245,,,,,23.61155578165887,28.20442485378394,19.548358440571462
2022-01-17,5879.54980469,5921.79980469,5663.85009766,5719.54980469,5626.640014647498,5952.773474124424,5300.506555170572,653901000,771364401.2,56.278173508648216,55.19884011804765,,,,,23.280130822620446,26.962301920382934,18.363306006440506
2022-01-24,5669.04980469,5669.60009766,5329.70019531,5466.04980469,5611.685009764998,5938.47128551013,5284.8987340198655,533288016,768602802,49.884787737377074,54.53891054176592,49.884787737377074,,,,21.63611779103885,24.540912057299973,24.411702424174415
2022-01-31,5543,5882.04980469,5463.45019531,5829.5,5618.967504881998,5958.119749584718,5279.815260179278,705958008,768602952.8,57.36345992333961,54.631768737749425,,,,,20.801988661810448,27.00682844396155,22.115113223605952
2022-02-07,5837.75,6081.95019531,5730.70019531,6023.79980469,5645.247485350998,6022.238977528736,5268.255993173261,859129992,765060152.4,60.73674728478286,54.79017875643158,,,,,20.60410996704994,29.349903483220228,20.382340874758988
2022-02-14,5892.75,5913.5,5615.25,5778.39990234,5652.227490233499,6033.62662764014,5270.8283528268585,565384992,745297500.8,54.835793398764956,54.48688911141185,,,,,19.975037672732892,26.72681518517134,21.08625993032275
2022-02-21,5753.5,5767.45019531,5293.39990234,5618.70019531,5649.089990233499,6030.5083287964835,5267.671651670514,751383984,733661050,51.340036064033384,54.46781817696018,,,,,18.79862099371795,23.986194120398686,25.7288063896647
2022-02-28,5586.5,6294.64990234,5554.45019531,6010.14990234,5648.637475584999,6028.315851529449,5268.9590996405495,1069280992,748888899.2,58.34907307508942,55.107345594748104,,,,,18.643415970400753,30.79923435067582,22.017976555933085
2022-03-07,6014.29980469,6275.54980469,5957.10009766,6190.04980469,5673.634960936499,6120.779014100308,5226.49090777269,883042984,730724848.4,61.12075882604544,55.83402101370517,,,,,18.499297020177643,28.870042361307224,20.638822012343603
2022-03-14,6187.25,6230.29980469,5868.85009766,6183.79980469,5704.654956053999,6200.348534611419,5208.961377496578,612415008,718610248.4,60.96896227834471,56.151753517669974,,,,,18.062375476167826,26.8168264650267,20.907421391791313
2022-03-21,6236.79980469,6565.45019531,6233.35009766,6500.20019531,5744.767456053998,6349.619113880379,5139.915798227617,861080992,731377497.6,65.62349940788403,57.11345584636389,,,,,18.46732634199332,31.380773138770117,19.343133967055497
2022-03-28,6497.95019531,6617.85009766,6405.64990234,6477.20019531,5782.192456053998,6465.919680616962,5098.4652314910345,625579000,722523397.6,65.016531531667,58.00718880776977,,,,,18.959630492024253,31.094032632855978,18.513714187869102
2022-04-04,6491.64990234,6783.79980469,6481.70019531,6755.54980469,5848.774951171498,6632.075785974881,5065.474116368116,674058992,728932146.8,68.77998763836828,59.12233114745518,,,68.77998763836828,,19.778547853522348,32.5346083085137,17.3557342356613
2022-04-11,6768.60009766,6825.64990234,6499.70019531,6627,5913.937451171499,6727.922830421605,5099.952071921392,299059000,682587196.8,65.28685385953891,59.72733868718483,,,,,20.62889981287059,31.218491594067018,16.195949020663445
2022-04-18,6624.89990234,6773.10009766,6432.39990234,6440.64990234,5966.349951171499,6774.2291718987635,5158.4707304442345,489806000,664404348,60.49078681605066,59.71967509642389,,,,,21.13270255709181,29.03447924946247,16.444833129711217
2022-04-25,6322.25,6422.54980469,6215.39990234,6327.29980469,5999.769946288999,6809.308767985669,5190.231124592328,498333000,648342747.6,57.713541841989795,59.82220140594829,,,,,20.730077026514188,27.656878301926298,20.235501419343578
2022-05-02,6272.60009766,6420.89990234,5974.04980469,6066,6029.229956054498,6802.57287180055,5255.887040308446,396972000,635377597.6,51.80844061869066,59.959605183184976,,,,,19.509879300641117,25.11143906545462,23.34411533458068
2022-05-09,5974.35009766,6019.04980469,5290.29980469,5313.04980469,6020.247436523498,6821.9621536859795,5218.532719361017,610444592,638466527.6,39.3229075371946,58.670994298460336,,,,,19.62062650904546,21.425071889765086,32.8570771567714
2022-05-16,5401.5,5775.10009766,5323.14990234,5706.35009766,6029.477441406499,6812.0450645416,5246.909818271397,652521592,651357857.2,46.56663051937137,57.65884310093094,,,,,19.723463202563778,19.581139540041026,30.02925805779827
2022-05-23,5491.20019531,5491.20019531,4954.29980469,5211.5,6005.809936523498,6854.476714091841,5157.143158955156,872172312,664710472.8,40.08283157890332,56.60506011379796,,,,,20.55074942659754,17.01440076141808,32.5220058357049
2022-05-30,5238.04980469,5460.39990234,5192.29980469,5328.79980469,5978.679931640998,6876.09092051497,5081.268942767026,673534104,664367328,42.139412835657375,55.94787274034253,,,,,21.31894377748603,16.199186647851167,30.963772987511284
2022-06-06,5284.85009766,5399.5,5153.10009766,5199.95019531,5952.699951171999,6906.90169154011,4998.498210803888,444168888,653880722.4,40.495161409407785,54.672593335650994,,,,,22.109522073184536,15.465763457548707,30.28216249813783
2022-06-13,5105.60009766,5107.64990234,4677.14990234,4724.85009766,5915.639965820499,6992.2850191246225,4838.994912516376,565540800,655493361.6,35.0625359130662,52.81129169900961,,,,,23.668141875952315,14.015793230649061,35.9782964884252
2022-06-20,4714.25,4761.75,4437.29980469,4596.60009766,5853.994970703499,7074.836223745589,4633.153717661409,779391296,659165026,33.74642834820065,50.86682498971361,33.74642834820065,,,,25.455038723253804,13.189358974223802,38.21581021654715
2022-06-27,4683.10009766,4808,4571.29980469,4696.5,5787.629980468999,7104.834711149022,4470.425249788976,554217208,643919386.8,35.76891513311399,48.73435468437289,,,,,26.930523758144503,13.470510983876466,36.52380423161438
2022-07-04,4653.25,4908.79980469,4551.54980469,4799.54980469,5738.687475586498,7124.577180892878,4352.797770280119,622523608,646776317.6,37.87562731302527,46.795718668755626,,,,,27.89328239240996,14.460386741238317,34.071847452619885
2022-07-11,4776.5,4947.85009766,4751.04980469,4830.70019531,5699.287475586499,7140.290468649784,4258.284482523213,625955632,640504900,38.53193949630794,44.63514380146561,,,,,28.626579975089378,14.666532698238072,32.76684994252922
2022-07-18,4888.5,5130.35009766,4872.54980469,5094.10009766,5653.484985352499,7110.2009550520415,4196.769015652957,607272504,617404475.6,43.9263509073604,43.10939359059571,,,,,28.571083283479997,17.39885413037913,30.830567940055765
2022-07-25,5086.29980469,5517.45019531,5081.5,5485.79980469,5618.272485352499,7055.319818826711,4181.225151878287,799580684,613231360.6,50.836112901531244,42.41977402527289,,,,,27.189612247612217,23.44889334635007,28.2180001546193
2022-08-01,5551,5685.25,5462.54980469,5595.85009766,5588.875000000999,7002.305052382773,4175.444947619224,958054384,630513329.4,52.60327050551712,42.054754644096285,,,,,25.410152609457214,25.76055794383511,26.961124127222355
2022-08-08,5617.04980469,5878.35009766,5590.75,5853.45019531,5556.537500000999,6913.5559014327855,4199.5190985692125,719270912,623422825.4,56.5410201611113,42.392796039983466,,,,,23.966677654624394,28.17446668154122,25.38839280875396
2022-08-16,5869.04980469,6022.70019531,5784.89990234,5883.25,5526.8399902354995,6826.761305278744,4226.918675192255,540022496,619145000.2,56.98622448029653,43.65446153591932,,,,,23.00274988516893,29.780619217483334,24.134767645528402
2022-08-22,5856.95019531,5954.5,5651.64990234,5902.70019531,5484.197509766499,6671.139175504951,4297.255844028047,735520200,622218060.6,57.29373970126001,44.420683620339936,,,,,21.694417089890177,27.89172400047987,25.394674985896355
2022-08-29,5724.35009766,5949.85009766,5706.75,5887.70019531,5447.232519531999,6531.081334157543,4363.383704906455,541648496,634347535.4,56.9555602954154,45.62587852866222,,,,,20.47953663713134,26.44192020551383,24.074667080832892
2022-09-05,5908.14990234,6111.95019531,5902.25,6025.29980469,5426.465014649499,6447.474237854661,4405.455791444337,614669104,640590690.6,59.32723080664002,46.85357981230384,,,,,19.81987052986436,28.692931770502167,22.892551155131503
2022-09-12,6065.85009766,6308.25,6051.79980469,6137.64990234,5416.982519531999,6407.414893862409,4426.550145201589,917559208,661552001,61.206698945818125,48.33297535061887,,,61.206698945818125,,19.729351156181078,31.237569378407347,21.460675220698114
2022-09-19,6156.60009766,6265.39990234,6010.95019531,6027.35009766,5415.050024414999,6400.548034594436,4429.552014235562,669424392,675174620.6,58.35567856646789,49.99677125443328,,,,,19.491864196194367,29.453449614652666,21.151881078770934
2022-09-26,5971.25,5973,5600.25,5768.20019531,5437.807543945999,6433.797960045791,4441.817127846207,818351704,685569976.2,52.203081252592874,51.315103604747,,,,,18.291485735335968,26.697163538056422,28.171239251785227
2022-10-03,5772,5968.25,5555,5931.54980469,5449.067529297499,6461.896746520246,4436.238312074753,436509088,674769351,55.39540344995502,52.716995627378516,,,,,17.309531213883304,24.325178053871937,26.641150420364845
2022-10-10,5844.79980469,5951.85009766,5718.29980469,5767.20019531,5476.852539062999,6492.573469550743,4461.131608575256,517916200,657056545.4,51.65711969416108,53.701387940316785,,,,,16.39771630110583,23.077267311366423,25.274427524086324
2022-10-17,5740.5,5826.35009766,5656.10009766,5748.35009766,5497.830053711499,6517.774682885714,4477.885424537284,451603400,645960010.2,51.23009469159434,54.60839902569438,51.23009469159434,,,,15.752386922430942,22.183847153057645,25.710346953892078
2022-10-24,5791.79980469,5981.14990234,5765.75,5883.35009766,5532.000048828999,6555.5211043842655,4508.478993273732,478978612,647700496.4,54.15315274274032,55.33888487107866,,,,,14.663752829397447,24.573768872507245,24.32365385136116
2022-10-31,5883.25,6332.70019531,5855.29980469,6324.14990234,5611.965039062999,6620.5382004457415,4603.391877680256,721353200,655491116.4,62.13367016182065,56.145853246813616,,,,,14.73373156416075,29.7959578750564,21.73477137399104
2022-11-07,6367.29980469,6459.5,6293.25,6447.20019531,5704.495043945499,6661.73220110534,4747.257886785657,616942288,647368666,64.01666416970947,56.96109565139879,,,,,15.134836083023325,31.579833202681343,20.900506608070696
2022-11-14,6480.39990234,6603.20019531,6367.60009766,6444.39990234,5791.890039062499,6681.85210147463,4901.927976650369,626778496,650996730.4,63.93874123365451,57.48950429943759,,,,,15.869942295523517,33.20751486248071,19.743913598222726
2022-11-21,6505.14990234,6506.35009766,6370,6455.14990234,5874.670043944999,6684.396699548965,5064.943388341032,469702600,643355680,64.11930176801388,57.99900981998883,,,,,16.552540921416554,32.10038476148646,19.085656539645925
2022-11-28,6427.79980469,6715.60009766,6371,6694.5,5967.860034179499,6700.9148630109885,5234.80520534801,692994192,646707608,67.9653265516524,58.761266023588284,,,67.9653265516524,,17.704062329915455,34.48153952925546,17.49787007073362
2022-12-05,6739.79980469,6835.35009766,6645.14990234,6681.54980469,6047.232519530999,6726.459100814919,5368.005938247078,568363896,644762177.6,67.54347274581033,59.51754548433079,,,,,19.045095614155,35.823438128397896,16.673373746975933
2022-12-12,6661.95019531,6827.85009766,6592.39990234,6657.70019531,6105.827539061998,6783.40267249208,5428.252405631917,404064208,624986353.8,66.7221119242418,60.045751278445195,,,,,20.035825571214186,33.706124758276445,17.012070891312803
2022-12-19,6667.85009766,6802.95019531,6205.5,6228,6137.435034179,6774.680473822932,5500.189594535067,434248796,598796074.4,53.98448501212465,59.52987885460995,,,,,19.332643412439506,29.01917523712842,23.65137448722056
2022-12-26,6241.75,6804.60009766,6194.5,6723.39990234,6180.932519530499,6852.538887146011,5509.326151914987,631457592,594405408.4,62.801461224086026,59.847434758725534,,,,,18.638702037147134,25.170145635897843,20.75345938298615
2023-01-02,6768.5,6907.35009766,6668.20019531,6697.29980469,6221.635009764999,6914.478715319392,5528.7913042106065,842396976,609524132.4,62.126062693000875,60.556219147326104,,,,,18.315677702073852,26.113655402799345,19.65306042087681
2023-01-09,6766.10009766,6879.14990234,6657.5,6869.79980469,6269.9899902339985,7000.988773327027,5538.99120714097,603669808,602931612.8,64.81902275459315,61.229334811943104,,,,,17.970476558408095,24.8011143748229,18.907889796057535
2023-01-16,6895.64990234,6919.60009766,6709.10009766,6805.25,6315.867480468499,7060.187171591159,5571.547789345838,645344296,608116402.8,63.01345712002329,62.04050177093326,,,,,17.786510501508218,24.528055051159914,17.983432109541877
2023-01-23,6816,6843.04980469,6323.85009766,6389.25,6334.064990233999,7066.784779197918,5601.34520127008,415442408,598155068,52.80482625216444,62.152982596688275,,,,,16.939548260016547,21.708728481723004,24.445213773761242
2023-01-30,6426.45019531,6551.20019531,5580.25,5901.95019531,6322.280004882499,7074.577557363143,5569.982452401856,691069584,586830586.8,43.844275884691264,61.41663424968477,,,,,18.017822082688937,17.62803957929457,34.24612683348925
2023-02-06,5882.54980469,5999.10009766,5657.54980469,5773.60009766,6309.592504882498,7089.413583673331,5529.7714260916655,679082600,587313497.2,41.83082010458029,59.966430674167604,,,,,19.019076346599014,16.456192728473393,31.96957102578707
2023-02-13,5772.45019531,5906.79980469,5658.75,5807.70019531,6311.567504882498,7086.075970901599,5537.059038863396,454197400,569105782,42.585212082779414,58.43561266795831,,,,,19.948812448801228,15.64288908676256,30.389559842871257
2023-02-20,5783.45019531,5824.60009766,5429.39990234,5443.60009766,6287.170019530999,7135.269782694227,5439.0702563677705,421090400,568334847.6,37.05877714556426,56.51561523309472,37.05877714556426,,,,21.28100393758451,14.420092175836523,32.55050448180642
2023-02-27,5435.75,5694.39990234,5209.35009766,5667.89990234,6282.2050048824985,7143.483110249593,5420.926899515404,818755488,583376812,42.04815396673365,54.93910467586041,,,,,22.915992825978204,13.06970862446008,33.750664761368206
2023-03-06,5726.79980469,5799.60009766,5548.14990234,5635.70019531,6276.572509764997,7153.080670677816,5400.064348852179,523616688,586977476.4,41.53908599582061,53.051516064729576,,,,,23.97458673382496,14.498973630525512,32.073830058782434
2023-03-13,5660.35009766,5733.54980469,5409.70019531,5602.60009766,6262.535009764998,7172.151049586828,5352.918969943168,684397104,597248401,40.98971493840403,51.15481907848626,,,,,25.222154317469997,13.564256908190726,32.76217870008488
2023-03-20,5565.70019531,5568.20019531,5358.35009766,5372.89990234,6214.972509764998,7202.840628570009,5227.104390959987,510136984,586687590.2,37.30276966835647,49.053437488780176,,,,,26.477698076899063,12.88934147361806,32.178102437784624
2023-03-27,5390.75,5546.89990234,5304.45019531,5497.45019531,6167.485009764998,7196.584074135316,5138.38594539468,396281896,575654570.6,40.43155747437918,48.08537123608407,,,,,27.748020192511202,12.238388858326983,31.67576113692536
2023-04-03,5523.35009766,5556.70019531,5436.04980469,5528.10009766,6121.670019530998,7178.58774224493,5064.752296817065,235969000,556114095.8,41.209069497117135,46.54305754130058,,,,,28.87627492701869,12.129937404777184,30.841043738182467
2023-04-10,5548.89990234,5717.70019531,5538.70019531,5710.04980469,6084.415014648497,7144.21112939754,5024.618899899454,329307396,549094335.6,45.73701794747949,45.37241148804905,,,,,29.093526680169795,15.237384442195676,29.52434277528832
2023-04-17,5704.29980469,5839.89990234,5644.20019531,5677.89990234,6033.5850097654975,7068.690423087385,4998.47959644361,396863800,534287816,45.07639553760563,43.962223829692796,,,,,28.710196105704945,17.37607094580785,28.186704489957368
2023-04-24,5666.60009766,5805.35009766,5647.29980469,5799.39990234,5989.477514647997,6984.795649719299,4994.159379576695,306654096,521202326,48.125820826563434,42.898821237302805,,,,,28.35424628655901,16.717329239360144,27.118122422540598
2023-05-02,5828.39990234,5911.25,5787.10009766,5807.04980469,5946.944995116997,6896.036030167425,4997.853960066569,398654496,520931840.4,48.32037592199506,42.57850335657641,,,,,27.504600209481577,18.848433753664136,26.27546744453851
2023-05-08,5835.29980469,5914.20019531,5683.5,5690.89990234,5920.089990233998,6866.2413853167645,4973.938595151231,383068296,518372815.4,45.528341047967636,42.69879372538187,,,,,27.06339967269062,17.744985226901257,27.366206729295424
2023-05-15,5698.54980469,5753.64990234,5544.95019531,5618.04980469,5864.8224853514985,6743.553824153313,4986.091146549684,386819304,506140901,43.818165478969355,42.84074696640966,43.818165478969355,,,,27.088850269865432,16.787522283739854,29.471653117220306
2023-05-22,5641.95019531,5993.45019531,5620.25,5935.39990234,5826.727490233998,6619.669094701558,5033.785885766438,518607000,489951402.2,52.235214973788466,43.53003288719602,,,,,25.96454681980947,21.243756138433625,26.682743861091847
2023-05-29,5973.29980469,6016.25,5848.39990234,5956,5781.037499999498,6418.335227113267,5143.7397728857295,564298504,487982837,52.73028008360685,44.64942595419906,,,,,24.81914578995477,20.909917122436713,25.519902530027856
2023-06-05,5991.14990234,6149.25,5943.54980469,6039.35009766,5742.742504882499,6194.212544830755,5291.272464934243,473563608,479393802.6,54.77284235009051,45.55833226729599,,,,,23.173282233934962,23.28923250804385,24.131933180881184
2023-06-12,6068.35009766,6265.29980469,6048.20019531,6231.5,5734.855004882499,6144.438617718711,5325.2713920462875,464098508,481826607.6,59.15465297657608,46.81658705163566,,,,,21.8646915984373,24.98611425562254,22.673201314687855
2023-06-19,6260.85009766,6285.20019531,6023.14990234,6037.20019531,5741.617504882499,6166.204566132694,5317.030443632304,453168904,469931573.6,53.509189977070704,47.71083526868328,,,,,20.537847643955345,23.232114058826777,21.752621772386114
2023-06-26,6037.79980469,6238.14990234,5988.60009766,6209.10009766,5763.392504882499,6234.434952802977,5292.350056962022,337132192,452834053.2,57.3841707127462,49.14522105756826,,,,,19.14585218486978,21.671896697643803,21.221553552216236
2023-07-03,6254.39990234,6343.54980469,6243.10009766,6279.25,5786.969995117,6308.972439869358,5264.967550364641,444849792,452366672.8,58.89003443832835,50.46368369785034,,,,,18.32316226131125,23.799209398863674,20.425651539693273
2023-07-10,6300.35009766,6487.14990234,6284.70019531,6469.45019531,5838.2624999995,6414.055983406647,5262.469016592352,631165400,462870422.8,62.73493555866686,52.00124555938961,,,,,18.14562437449897,26.46046248941722,19.2249716268618
2023-07-17,6500.39990234,6554.85009766,6427.45019531,6442.29980469,5876.982495116999,6503.6472488744275,5250.317741359571,442206996,444042998.2,61.84573924285091,53.151868509059,,,,,18.240315099230244,27.456782277390836,18.507032524373304
2023-07-24,6442.10009766,6674.60009766,6384.60009766,6640.79980469,5927.237475586,6625.554314989663,5228.920636182337,517191808,443721754.2,65.67621313916919,54.62328405202782,,,,,18.76535647919256,28.61720013697251,16.95489371493802
2023-07-31,6643.64990234,6819.85009766,6532.75,6622.89990234,5978.25246582,6721.856963016272,5234.647968623728,900076000,454505699,65.04208250265617,55.83158845746302,,,,,19.732841734998445,30.420829454773237,15.56329109964953
2023-08-07,6655.70019531,6747.10009766,6537.60009766,6688.85009766,6044.049975586,6794.603006848864,5293.496944323136,504264200,454212059.8,66.33193170422824,57.11812815619396,,,,,20.631220901103912,28.577592479016136,14.620291380920813
2023-08-14,6643.5,6648.14990234,6433.54980469,6493.70019531,6093.862475586,6824.675387467631,5363.04956370437,462406800,457518305,59.35322935962867,58.10562017845547,59.35322935962867,,,,20.80589310308133,26.472563448198123,16.54545398752954
2023-08-21,6534.35009766,6708.20019531,6510.04980469,6519.35009766,6143.424975586,6848.018671413748,5438.831279758252,449378404,468188775.2,59.94966047688483,59.257869821163716,,,,,21.196501689713195,26.567721639815314,15.511621185314628
2023-08-28,6563.70019531,6867.75,6525.10009766,6851,6200.4724853515,6939.3935081973,5461.551462505699,728265704,488136690.6,66.74446577261132,60.29424487822249,,,,,22.119014591771457,28.462147334443443,13.983293424166904
2023-09-04,6911.45019531,7064.20019531,6851,6977.89990234,6265.472485351501,7037.072469046106,5493.872501656896,750847304,505835865.8,68.9174358716906,61.45047029165705,,,,,23.557065008527147,32.34494288723402,13.130700978852184
2023-09-11,7020.35009766,7168.5,6851.5,7035.79980469,6327.292480469,7136.808257281939,5517.776703656061,744477800,527727051,69.88434004119486,62.529862983878786,,,69.88434004119486,,25.164543817778785,32.39450455716095,11.96276281781161
2023-09-18,7073.10009766,7073.10009766,6722.75,6761.79980469,6375.029980469,7168.647742306572,5581.412218631429,418831400,528735896.2,60.32132417751107,62.613196641088436,,,,,25.815931632041927,29.293316225312104,14.335592755320734
2023-09-25,6783.20019531,6869.95019531,6690.45019531,6839.29980469,6432.4499755865,7184.875008213142,5680.024942959858,518545192,535509741,61.909039917505964,63.2131859225481,,,,,26.21628800603285,27.823652955890402,14.519153306827363
2023-10-03,6833.5,6837.39990234,6686.04980469,6744.39990234,6488.7674804690005,7152.2957827948485,5825.2391781431525,370690104,534703281,58.80600947708473,63.31474583428656,,,,,26.55877490305324,26.596781400010542,14.005549964890182
2023-10-09,6673.45019531,6910.5,6586.70019531,6820.79980469,6533.0374755865005,7160.123144117755,5905.951807055246,535227680,535534315,60.5215606011642,63.431283417346265,,,,,26.217283322111502,24.171564968489033,15.526223223933549
2023-10-16,6827,6967.60009766,6694.10009766,6712.75,6570.874975586501,7143.041558578036,5998.708392594966,447552896,529697034.6,56.911725065463706,63.01533981068889,,,,,26.13372252593427,23.919271299945752,14.33704613702634
2023-10-23,6725,6729.20019531,6348.70019531,6453.10009766,6591.562475586501,7113.034577688228,6070.090373484774,370775800,524557644.2,49.301670157575124,62.119334876026336,49.301670157575124,,,,24.389489208373224,21.457021265345624,22.20559769076057
2023-10-30,6478.39990234,6521.54980469,6346.29980469,6479.14990234,6603.9449707035,7101.858787130416,6106.031154276584,401985300,521451983.8,50.023693417808424,61.001297753071995,,,,,22.78107070559809,20.414668806973445,21.19341831857595
2023-11-06,6527.04980469,6664.64990234,6505.75,6646.04980469,6634.387451172501,7059.035335239082,6209.739567105919,438727912,520729934.2,54.49517343485547,60.24794710537195,,,,,21.69767169344671,23.39118427885766,20.081405387441794
2023-11-13,6692.79980469,6851.45019531,6670.64990234,6803.89990234,6664.1274414065,7046.698983702113,6281.555899110887,421235600,524935104.6,58.29568120294256,59.673929212422976,,,,,21.45544350434501,27.368963531201928,18.89894033099323
2023-11-20,6820.14990234,6891.20019531,6767.04980469,6874.25,6693.8774414065,7043.1980733761375,6344.556809436863,436916400,524538435,59.90299484434733,59.71319817561716,,,,,21.381291005628416,27.540563906441278,18.201305338773004
2023-11-28,6949.04980469,7127.35009766,6922.70019531,7087,6724.754931641,7097.644697877409,6351.865165404592,536710800,519815705,64.37464983293025,60.02926884390612,,,,,22.118834277934425,32.47064546131675,16.83678831143103
2023-12-04,7270.45019531,7512.64990234,7190.04980469,7362.89990234,6770.7849365235015,7213.573095063641,6327.996777983362,795009808,537455845.6,69.1755086251896,60.20291476194742,,,,,23.777004672614574,39.41015697330678,14.824046365205458
2023-12-11,7388.85009766,7751.14990234,7355.10009766,7735.35009766,6825.512451172001,7431.135199275991,6219.889703068012,1037665920,563479551.2,74.22511834688649,60.582034938747135,,,,,25.775128179656665,41.63622163858483,13.238269711631897
2023-12-18,7712.10009766,7799.04980469,7310.45019531,7652.64990234,6876.999951172002,7573.272861769669,6180.727040574334,1102931888,573622345.6,71.4271163283861,60.69223324497508,,,,,27.71586758286217,37.67504533171884,11.590935428145942
2023-12-26,7698.04980469,8016.45019531,7674.64990234,7978,6941.457446289001,7780.228594668384,6102.686297909619,1126885312,604753401.2,75.36199818342472,61.76656710254034,,,75.36199818342472,,29.880852776101623,39.678592845586614,10.539318312916336
2024-01-01,7995.54980469,8055.60009766,7823,7871.79980469,7010.362426758002,7914.550196873308,6106.1746566426955,905724320,626919277.2,71.88216954465835,62.4789335044798,,,,,31.952684026415007,38.33525111709782,9.919639590630677
2024-01-08,7915.20019531,7940.04980469,7729.75,7898.35009766,7079.3124267580015,8032.215838912465,6126.409014603538,615454600,635223087,72.22743264599416,63.43760658797333,,,,,33.30933624198971,36.25943556202643,11.783546684743724
2024-01-15,7941.39990234,7973.20019531,7484.95019531,7749.10009766,7124.217431641,8113.791515283856,6134.643347998144,1011691988,649394401.2,67.22984761899338,63.9167699463897,,,,,33.23429251245047,31.935736559486497,16.357087666791628
2024-01-23,7780.54980469,7792.04980469,7470.14990234,7719.64990234,7161.304931641001,8181.295685495642,6141.314177786359,602038288,641953950.4,66.25566681854164,64.58419435732382,66.25566681854164,,,,33.08906952816525,29.44298219146606,15.439212116853922
2024-01-29,7766.64990234,8115.20019531,7748.5,8078.25,7213.4274414065,8306.369094996178,6120.485787816822,970469920,653253556.4,71.64373802553636,66.18005634789249,,,,,33.73194695767946,34.33504793781882,13.993763591080729
2024-02-05,8120.54980469,8348.25,7935.29980469,8095.60009766,7280.117456055001,8416.595982281988,6143.638929828014,1174149712,691019472,71.87770760744172,67.74105736143773,,,,,34.781684103777906,36.439756667528336,12.661074869873703
2024-02-12,8135.75,8182.95019531,7547.20019531,7976.45019531,7336.974975586,8493.160145386633,6180.789805785367,1196743600,724929392.4,67.74383895598937,68.6873906129473,,,,,34.016711314888646,31.47069980873646,19.259010853672393
2024-02-19,8018.35009766,8118.89990234,7904.5,8047.75,7402.1424804690005,8564.290541464603,6239.994419473399,801662408,746478007.6,68.8966265224108,69.44460099290932,,,,,33.30637943949147,29.985670059919535,18.350222545045334
2024-02-26,8058.5,8345.29980469,7812,8337.79980469,7477.992480469,8675.938343191108,6280.046617746892,1154826312,777457939.2,73.10720248996016,70.38775868188166,,,,,33.18872106499558,31.38470136891989,16.290980057742793
2024-03-04,8337,8436.54980469,8097.20019531,8371.29980469,7560.9199707035,8765.098860978977,6356.741080428024,884124688,799286528.8,73.55252549627495,71.04332122926341,,,73.55252549627495,73.55252549627495,33.28238843118084,31.063717058531,15.127661726659968
2024-03-11,8407.79980469,8410.25,7578.35009766,7802.64990234,7628.3974609375,8722.960227881353,6533.834693993647,1004111488,830953313.2,56.46124970441563,70.13515987777957,56.46124970441563,,,,31.42007352279202,26.136447520072405,22.62104238872089
2024-03-18,7781.60009766,8169.45019531,7742.60009766,8130.79980469,7710.979956055,8689.302913770682,6732.656998339319,1086935408,865200818.6,61.955194098937305,69.25873671721178,,,,,29.690781107859536,24.030245159322803,20.798128511647487
2024-03-26,8109.10009766,8320.90039063,8103.70019531,8257.20019531,7791.537475586001,8665.616315438947,6917.458635733056,438940704,865211458.2,63.847566710232776,68.71734031591511,,,,,28.511002191714553,25.962902239717984,19.91853805850811
2024-04-01,8343.5,8813.04980469,8335.29980469,8699.04980469,7886.2949707035,8721.596124200025,7050.993817206977,1190241104,903661733.4,69.54943718809372,68.30215738767718,,,,,28.554307711468773,32.4953025695362,17.839250177171657
2024-04-08,8789.29980469,9054.95019531,8712.20019531,8951.29980469,7990.147460938,8812.696373075574,7167.598548800426,1074201280,935525977.4,72.24111579326642,68.3277964054349,,,,,29.04304063415184,34.87722374109373,16.641399063377182
2024-04-15,8902.29980469,9060.79980469,8670.5,8909,8081.247460938001,8886.922831870397,7275.572090005605,920478304,954714352.6,71.10603645004944,68.24769667715313,,,,,29.34038663998182,32.31462877440291,16.203691333382633
2024-04-22,8995.70019531,9377.09960938,8879.45019531,9222.65039063,8174.234985352501,9052.802894585018,7295.667076119984,1123311312,971129427.8,74.32716303265114,68.7546477781287,,,,,30.173445801711196,35.17796584603493,14.71872036773285
2024-04-29,9320.29980469,9401.54980469,9162.20019531,9276.29980469,8251.282470704002,9227.254650334404,7275.310291073601,730229408,955757602.2,74.84375811422704,69.36808287067764,,,,,30.987558691620272,34.046741179538415,14.051718058731172
2024-05-06,9326.25,9338.25,8807.84960938,8977.45019531,8317.522485352501,9301.779799128057,7333.265171576946,681730192,934697517.4,66.78235685554958,69.02084135853573,66.78235685554958,,,,30.42289776755041,30.72403920842172,19.200341099611197
2024-05-13,8970.59960938,9633.29980469,8789.95019531,9608.79980469,8399.062475587001,9518.254907283177,7279.870043890825,906670192,923686761.4,73.32025963477724,69.1238807890597,,,,,30.47451760624632,31.33420446307637,16.45117349022866
2024-05-21,9671.45019531,10060.25,9645.29980469,9928.40039063,8501.892504884001,9775.654392490324,7228.130617277678,873510672,922076079,75.90554820786332,69.70686002133641,,,75.90554820786332,,31.213072266713038,36.15610201811166,15.19678816549625
2024-05-27,9997.75,10022.54980469,9517.40039063,9723.59960938,8593.15498047,9940.305659083877,7246.004301856125,998675600,941237129,71.1478392823096,69.86766093275776,,,,,31.462970199065488,33.1135724284953,16.048581060973397
2024-06-03,10195.59960938,10195.59960938,8534.95019531,9833.59960938,8697.379956056002,10089.00433611888,7305.755575993123,1350507776,958177918.4,72.15728212639635,69.79980947821748,,,,,29.275505519554734,25.512848695697347,25.94429870503168
2024-06-10,9853.45019531,9937.84960938,9750.34960938,9912.09960938,8807.002441408002,10218.550390877932,7395.454491938071,648012200,960476614,72.8863255932124,69.75222377085588,,,,,27.244288317151895,24.820123711800576,25.239858988517895
2024-06-18,9957.29980469,10042.84960938,9747.04980469,9990.90039063,8902.634960939502,10362.08422184162,7443.185700037383,567825808,940344408.4,73.63269376117437,70.97875548919578,,,,,25.466518531257208,25.290928616246163,24.126886392279243
2024-06-24,9912.84960938,9994.5,9646.09960938,9814.29980469,8988.569946291002,10450.21913870168,7526.920753880324,921602208,927717033.2,69.0455066694992,71.48520638709306,,,,,23.71138514470202,23.951277637502265,24.38370711973559
2024-07-01,9849.65039063,10027.95019531,9798.34960938,9970.5,9088.272436525502,10532.09239186934,7644.452481181663,648379696,900298838,70.77946268968468,71.98034181419676,,,,,22.034556337923068,23.6113444639187,23.50026384238513
2024-07-08,9992.84960938,9993.70019531,9600.09960938,9708.20019531,9171.294946291002,10555.986179735413,7786.603712846591,597463104,890088872.8,64.26892997612254,71.60316272762739,,,,,20.9216483257133,22.13104914036097,25.184736192104026
2024-07-15,9721.54980469,9821.90039063,9241.15039063,9256.29980469,9217.219946291001,10548.17288477291,7886.267007809092,525257496,858610432,54.89961211585989,70.36448389352692,,,,,20.657634053558954,20.12609126120609,28.502601737480994
2024-07-22,9211.25,9448.34960938,8964.04980469,9423.40039063,9269.824975588,10544.874961257852,7994.774989918149,679670904,848387742.8,57.37418117114397,69.38363708789083,,,,,20.929024182516404,18.61182589052746,30.663022891509407
2024-07-29,9510.75,9759.59960938,9301.5,9314.54980469,9345.4199707055,10428.366680273895,8262.473261137104,769572496,836660793.2,55.24765547351379,68.02081511938103,,,,,20.331342692360614,22.123620184647574,28.4802121417826
2024-08-05,9077.20019531,9152.04980469,8797.59960938,9038.29980469,9390.7949707055,10333.31401189323,8448.27592951777,748051296,819716587.6,50.16584498245737,66.25810703854033,,,,,20.66847405863669,20.362064444423403,33.97385422365322
2024-08-12,8970.20019531,9171.5,8727.79980469,8994.09960938,9427.639941409,10238.428418458048,8616.85146435995,646711104,830105107.6,49.38315454725737,65.01530687366231,49.38315454725737,,,,21.093216949085956,18.96619138866817,32.72327910248831
2024-08-19,9033.45019531,9352.45019531,9031.45019531,9290.5,9457.212451174499,10199.824447052104,8714.600455296893,647259600,802956032.4,54.50879991874064,63.6716311796597,,,,,20.989831646429355,20.740327050710622,30.881947610498518
2024-08-26,9349.79980469,9518.45019531,9266.65039063,9405.25,9479.909960939998,10186.141061016322,8773.678860863674,616181600,780055048.4,56.35160892260637,62.27492123071278,,,,,20.453077399231315,22.58573568289305,29.620694209277044
2024-09-02,9437.59960938,9449.25,9101.95019531,9161.15039063,9492.517480471499,10165.763694387893,8819.271266555104,460184904,757040378.4,51.56621937064366,60.87623409416521,,,,,20.277447700295053,21.29395766925792,30.638890173803077
2024-09-09,9136.09960938,9442.65039063,8993.34960938,9370.65039063,9499.917480471498,10164.331577879264,8835.503383063733,567582504,729253938,55.091104563819755,59.65722141112402,,,,,20.323834393098977,19.722398640871205,30.161541695750206
2024-09-16,9432.79980469,9500.84960938,9122.95019531,9404.29980469,9506.317480471498,10164.428282566547,8848.20667837645,534071288,719446032,55.64941293703971,58.42601336425454,,,,,20.192244707847795,19.45159925481623,28.27159991508277
2024-09-23,9461.65039063,10167.40039063,9403.40039063,10064.59960938,9560.674951174999,10214.652439608584,8906.697462741413,1145109576,742615001.2,64.87689173755663,57.800598933996135,,,,,19.119204379378267,27.590058058524058,24.877645617777276
2024-09-30,10124.09960938,10322.04980469,9979.40039063,10113.20019531,9585.894970705998,10282.842591846576,8888.94734956542,821542224,738358602.8,65.44673806711856,57.54354403382609,,,65.44673806711856,65.44673806711856,18.444608109897747,28.55151838782774,23.514231723390147
2024-10-07,10157.75,10177.59960938,9574.70019531,9932.70019531,9586.109960939999,10283.48258870606,8888.737333173938,737275592,731546848.8,61.4586200456289,56.87776955925068,,,,,17.361080060594418,25.865444604007607,27.617113597031942
2024-10-14,9968.04980469,10062.65039063,9484.20019531,9753.90039063,9587.6250000025,10286.316237644245,8888.933762360753,577344288,710480283.2,57.707290666676585,56.409081037147395,,,,,16.54597508813705,23.573911327986988,26.556473968290245
2024-10-21,9802.79980469,9858.75,8924.54980469,9048.95019531,9548.392529298999,10274.99152866368,8821.793529934317,606328400,673271314.4,45.82976228638769,55.76123462075652,,,,,16.8337432455353,20.426466466485227,31.009219642807096
2024-10-28,9056.59960938,9427.84960938,9001.75,9390.29980469,9522.3025390645,10232.066900955513,8812.538177173486,381658396,659953624.2,51.08031149791817,55.31167250124039,,,,,17.100956534547958,19.16931136417519,29.100744735677686
2024-11-04,9393.5,9671.25,9118.70019531,9308.90039063,9488.2025390645,10169.602212900292,8806.802865228707,817991504,672461909,49.83972742205611,54.92539192613627,,,,,16.722690415604458,21.138559913249306,26.797525461456793
2024-11-11,9281.59960938,9304.45019531,8802.20019531,8828.70019531,9438.922558595501,10160.249275525657,8717.595841665345,500895896,651426593.4,43.17754729241142,54.4262278054187,43.17754729241142,,,,16.953745470671404,19.606107859112303,29.383112497340797
2024-11-18,8918.29980469,9129.65039063,8652.15039063,8846.20019531,9382.707568361,10104.802282920477,8660.612853801524,677303800,652872798.6,43.47409096872488,54.00415183552352,,,,,17.425955996224598,18.262482192177515,29.522979443193265
2024-11-25,8973.59960938,9074.84960938,8864.09960938,9034,9348.997558595502,10070.111711395093,8627.88340579591,568039792,651401633,46.68940916414256,53.4456239244808,,,,,17.864437198523994,17.639113399751267,28.51524654847146
2024-12-02,9032.5,9416.59960938,8996.29980469,9397.15039063,9356.040087892503,10076.145911242744,8635.934264542262,477775696,649027543,52.33549588998089,53.1587587078647,,,,,17.332705336860567,21.66916034621314,26.710403354188216
2024-12-09,9397.59960938,9605.34960938,9239.09960938,9439.29980469,9356.835058595501,10077.271608834784,8636.398508356218,645499608,647318978.2,52.958236733205496,53.258188519476256,,,52.958236733205496,,16.369612929535318,23.343692800958085,25.212833368542192
2024-12-16,9446.45019531,9469.90039063,8788.95019531,8813.25,9331.770068361002,10090.225830172365,8573.314306549639,512733312,634477019,43.80389663894313,52.45195938198507,,,,,16.38581203985919,20.987602604978953,29.34020752377655
2024-12-23,8902.04980469,8979.45019531,8707.65039063,8720.70019531,9315.890087892001,10110.687399364844,8521.092776419158,387467304,616447819.4,42.63070923947267,51.52205197501599,,,,,16.55060634250189,20.114914572914255,29.363968717790875
2024-12-30,8720.84960938,8817.15039063,8573.34960938,8729.95019531,9302.682617188502,10126.67309427331,8478.692140103694,510491304,609636829.4,42.795614639533916,49.944817896585796,,,,,16.952223956147954,19.33816317364987,30.35725364015521
2025-01-06,8740.65039063,8740.79980469,8204.45019531,8262.95019531,9251.305126954003,10191.826651909141,8310.783601998864,530319304,603789814.6,37.01132696524086,47.913717103594536,37.01132696524086,,,,17.949936075212822,17.717256933612855,33.57778242111871
2025-01-13,8194.65039063,8556.34960938,7935.35009766,8521.70019531,9207.127636719502,10196.31872179798,8217.936551641025,557977672,600879618.2,41.712179157838726,46.50325704018096,,,,,19.276692451766973,16.04078507743664,34.50089315378289
2025-01-20,8558.29980469,8696.45019531,8332.09960938,8438.8,9171.010117188003,10215.48309049466,8126.537143881347,493495546,602545150.3,40.6650615810023,45.28595496263279,,,,,20.084405293883382,17.30511906126381,32.55452900218288
2025-01-27,8333.45,8443.9,8055.15,8298.5,9117.4025976565,10223.617884357085,8011.187310955917,527889343,600560492.25,38.885915143640986,44.78996588100803,,,,,21.254732915483054,16.251638502344285,34.90964167565124
2025-02-03,8187.95,8611.9,7979.55,8585.8,9076.477607422003,10197.669430489519,7955.285784354487,525160721,600114963.9,44.263560086083835,44.303055065877004,,,,,21.82998156710887,17.245727539182194,31.545591861100572
2025-02-10,8560.9,8563.75,8060.45,8187.5,8982.622626953002,10071.022964065682,7894.222289840321,667177771,576218373.65,39.12371256761928,43.53762543341723,,,,,22.364141029332842,15.87687127476918,29.04170323502922
2025-02-17,8155.4,8657.3,8028.8,8609.7,8907.447617187503,9873.979197105202,7940.916037269805,511548337,560718679.3,46.24871984264753,43.75699490129124,,,,,22.557416424270208,15.784817265132634,26.34735019819069
2025-02-24,8506.15,8557.05,8119.55,8219.25,8821.775107422003,9710.211262433333,7933.338952410674,471324484,547421123.9,41.420526531647525,43.61031172721429,,,,,22.736886433854902,14.643794155164146,24.44280262202236
2025-03-03,8244.7,8978.05,8085.55,8926.9,8780.425087890502,9562.037680521351,7998.8124952596545,767567153,556932267.15,51.33632334585096,43.94223416876489,,,,,21.59854360522613,18.682045023139924,21.408217699905737
2025-03-10,8924.65,9042.8,8715.15,8777.65,8766.860078125002,9538.716671385044,7995.003484864961,482626306,550747162.45,49.43566925231994,43.73510369464624,,,,,20.361297801760777,18.73257008557512,20.406592114428495
2025-03-17,8810.2,9291.65,8803.85,9203.55,8757.522587890502,9503.054642670868,8011.990533110137,765569961,569942740.7,54.601047610365505,43.852447328729106,,,54.601047610365505,,19.26480878926228,20.906845059546228,18.911753443108257
2025-03-24,9261.25,9305.55,9045.1,9092.5,8746.702568359002,9465.72150445758,8027.683632260422,577658943,557926112.65,53.078495772206786,44.5149186953908,,,,,18.28279817369714,20.30838634455812,18.184845551862736
2025-04-01,9015.85,9127.05,8375.35,8414.45,8725.990058593503,9458.114248807302,7993.865868379704,553348758,560548755.75,44.85414642339628,44.673735637099625,,,,,18.215511059015157,18.14110097701854,25.752612665022433
2025-04-07,7691,8229,7690.2,8168.3,8692.095048828003,9460.680690149173,7923.509407506835,837686766,568567904.05,42.29222235813968,44.63777904557147,42.29222235813968,42.29222235813968,,,19.290600601527643,16.33257789040013,32.61627886969878
2025-04-15,8332.4,8515.9,8282.85,8476.5,8664.220048828003,9421.539183297555,7906.900914358452,380499331,559190881,46.41883131435208,45.30974364193656,,,,,19.52795029324792,19.57676190327206,31.018008408420258
2025-04-21,8502.75,8833.75,8469,8569.75,8622.850029296502,9301.84479967987,7943.855258913134,645694722,567586832.3,47.638857000851395,45.73307777358032,,,,,18.985767973431603,23.12188794001967,29.39050067112055
2025-04-28,8554.2,8762.4,8458.6,8518.4,8576.805039062001,9143.741762410595,8009.868315713406,392345475,554929125.65,47.00415577060892,46.18587021569508,,,,,18.501552877624622,22.082598576267273,28.22331957676883
2025-05-05,8523.1,8655.6,8256.2,8420.55,8557.170039062,9117.149502004262,7997.19057611974,455688217,552076870.9,45.7532207701452,46.67639204615967,,,,,18.429713764215176,20.761380825791417,29.5666804291303
2025-05-12,8641.9,9242.9,8620.65,9201.85,8581.227529296502,9204.955014323377,7957.500044269627,713855879,568396299.65,55.85545075826164,47.50438423702951,,,,,17.193247084340552,26.694539309576758,26.103632599338678
2025-05-19,9222.1,9343.35,9111,9249.6,8607.210019531001,9293.691105959828,7920.728933102174,658932044,575818336.65,56.38997798849148,48.73768890994895,,,,,16.245365261230653,27.263643837040014,25.20533735492359
2025-05-26,9282.9,9384.45,9178.75,9193.25,8653.725009765501,9366.176630007521,7941.2733895234815,592370635,578920903.2,55.53536864919869,49.401020967559745,,,,,15.449872775091587,27.0322828943027,24.404642744916906
2025-06-02,9130.75,9418.65,9047.95,9406.45,8697.9625,9478.726459769501,7917.198540230499,559492622,578996650.7,58.12141145225275,50.59394131903155,,,,,14.406567563388691,25.462469977926112,25.036461090746972
2025-06-09,9450.05,9581.8,9156.9,9258.8,8738.9625,9546.640072348606,7931.2849276513925,506896859,579666716.35,55.7051320312968,50.90599908227768,,,,,13.803864532179668,26.327652073276134,23.36182383927615
2025-06-16,9272.5,9381.65,8997.35,9138.6,8780.9675,9579.983122046793,7981.951877953207,593846656,582964582,53.74622133024714,51.21389565927249,53.74622133024714,,,,12.85345359365411,24.717312758003118,24.47229372403187
2025-06-23,9083,9678.45,9064.1,9578.2,8830.5875,9695.500933746393,7965.674066253607,567970784,585105085.15,59.373139428193205,51.55475936054588,,,,,12.637079143013327,26.96509643268245,22.140826782708206
2025-06-30,9604.2,9786.15,9453.3,9580.4,8900.232500000002,9771.09700971132,8029.367990288683,597537334,581623063.3,59.39975903691432,52.00627816516785,,,59.39975903691432,,12.663745458232874,27.249027866005733,20.97489850552258
2025-07-07,9577.9,9578.55,9266.65,9382.85,8938.890000000001,9823.270850425753,8054.509149574249,417881310,576939711.95,55.86034741298876,52.792435378710174,,,,,12.189122256387511,25.866313743263152,22.92929592936345
2025-07-14,9379.65,9509.05,9334.05,9458.2,9000.837500000001,9847.678539909422,8153.9964600905805,424546357,574600805.6,56.91489089729523,53.83691170293556,,,,,11.748400711816819,25.101219037743082,22.251074707314448
2025-07-21,9510.9,9644.75,9406.4,9425.1,9025.747500000001,9891.521198765951,8159.973801234052,435965642,558020730.05,56.27881354058392,54.54119614766641,,,,,11.671968111809647,26.42482827833925,21.325846784012423
2025-07-28,9418.1,9464.6,9086.35,9102.35,9041.982500000002,9900.686704761369,8183.278295238636,416431033,554710966.4,50.36782440827543,54.73612239105385,50.36782440827543,,,,10.959678421656092,24.671580960122622,25.524876794786575
2025-08-04,9127.4,9374.3,9102.15,9147.1,9039.160000000002,9896.090669074114,8182.229330925889,336099638,533237450.25,51.13418271051548,55.03112431533288,,,,,10.298266566513504,23.465239943869992,24.27681304637436
2025-08-11,9153.35,9424.75,9134.45,9216.25,9045.347500000002,9905.510376131522,8185.184623868482,338608963,521284951.25,52.358345618730986,55.502918947374724,,,,,9.58680371976274,23.14154004485674,22.98572826190661
2025-08-18,9335,9538.95,9290.75,9375.45,9093.397500000001,9913.660972595791,8273.13402740421,423765415,514805784.1,55.14438002557048,55.452128180753924,,,,,9.257672825952312,23.874596789633678,21.60993504615624
2025-08-25,9419.9,9477,9132.2,9154.8,9142.7225,9844.643662578112,8440.801337421888,285964221,487219656.85,50.71745051082812,55.04694764663511,,,,,8.728887537671406,22.336237132552135,23.180425011258283
2025-09-01,9169.35,9736.15,9163.4,9681.65,9202.98,9871.925094458462,8534.034905541537,527532469,494571313.75,59.15003616378195,55.305138183391065,,,,,8.720847930831733,24.665828724059207,20.75243947422448
2025-09-08,9722.6,9902.35,9683.65,9883.6,9268.6725,9934.01315821571,8603.331841784291,482762176,486424686.45,61.8450444388873,55.57111196815067,,,,,9.146117873426247,26.745321431103473,19.900256760221097
2025-09-15,9900.6,10018.7,9833.8,9989.9,9342.247500000001,9984.491320892666,8700.003679107336,466751925,490145008.95,63.22050541710507,56.10792435285126,,,,,9.831126728968531,28.03790580331471,19.189301940879652
2025-09-22,9984.5,10187.35,9871.8,9888.25,9415.632500000002,9945.400545728337,8885.864454271667,595890842,497155140.2,60.95751166871931,56.623016519884985,,,,,10.868688259638484,29.60342723393689,18.006968727473613
2025-09-29,9910.7,10346.95,9910.7,10277.1,9469.395,10108.438985888253,8830.351014111748,562684037,489596548.1,65.97496533555397,57.09457551326789,,,,,12.187922254149683,30.060040888717907,16.422894077281093
2025-10-06,10303.1,10373.3,10089.05,10261.55,9519.9925,10236.914203029655,8803.070796970345,716157508,492457821.3,65.61183624056659,57.538295313528764,,,,,13.47133441896227,28.907196370445494,15.512215184344196
2025-10-13,10218,10340.8,10053.9,10199.3,9570.295000000002,10328.447336868896,8812.142663131108,445312125,485104895.8,64.09103380537547,58.12620148441353,,,,,14.511045154047524,27.26389135830813,15.326860167870889
2025-10-20,10249.95,10457.4,10138.35,10347.45,9617.345000000001,10442.793422313505,8791.896577686497,346187830,474439656.2,66.10465445432222,58.78261316705831,,,,,15.760238349639764,27.855544822380335,14.349906089609673
2025-10-27,10416.45,10837.45,10396.85,10612.15,9685.0125,10598.941397603563,8771.083602396438,784372554,488313440.95,69.4057049896949,59.720248270566245,,,69.4057049896949,,17.708504036550508,32.59599694731629,12.98134935182273
2025-11-03,10644.05,10720.45,10184.55,10426.8,9749.422500000002,10681.628406693739,8817.216593306266,429824356,480112325.95,64.65724650366256,60.740921277379606,,,,,18.60881953147828,29.30431624705736,15.670987859289477
2025-11-10,10474.8,10721.3,10418.5,10494.75,9795.250000000002,10778.024847561632,8812.475152438372,801222802,491774926.85,65.5867785329328,61.77324955040941,,,,,19.44673512166903,27.624109645181232,14.763778049902326
2025-11-17,10526.25,10531.5,10121.5,10142.55,9823.357500000002,10812.082754190871,8834.632245809133,433746237,483585372,57.19074262619536,62.1184207652283,57.19074262619536,,,,19.051044523790093,25.47372345497895,19.25348124178132
2025-11-24,10163.3,10379.6,9997.9,10293.05,9868.867500000002,10856.08876459815,8881.646235401855,473890102,486385811.6,59.572340418653994,62.434703650448554,,,,,18.248479163899887,23.629530918335274,20.20389214786075
2025-12-01,10390.9,10418.9,10168.35,10340.35,9912.975,10901.688067325344,8924.261932674657,580657552,494191371.35,60.31950644211151,63.12056478839736,,,,,17.62165682384728,23.242775437944335,19.220265807045088
2025-12-08,10352.6,10553.15,9968.4,10536.45,9968.5425,10966.210958594838,8970.87404140516,598165396,502301359.05,63.34420625193274,63.42014836612242,,,,,16.38771758871019,20.70875763897495,20.852771467714067
2025-12-15,10513.65,10585.45,10380.7,10521.1,10039.48,10980.872535768138,9098.087464231861,567865177,509873066.25,62.93977392537767,63.49834332944316,,,,,15.302543548882925,20.51394766949443,20.029341425545816
2025-12-22,10602.45,10836.05,10575.5,10806.15,10122.432499999999,11026.303952295597,9218.561047704401,655551567,525845662.7,67.13598163003759,63.77802020179548,,,,,15.097818763676457,24.13970146307598,18.799599692941783
2025-12-29,10921.6,11433.8,10751,11421.85,10232.7125,11203.176673411343,9262.248326588657,1325568682,575193648.65,73.98721243668516,64.70871311379304,,,73.98721243668516,,16.322220209068288,32.088923666013116,16.442624726621
2026-01-05,11469.85,11652.7,11036.55,11094.8,10318.68,11274.66025105116,9362.69974894884,964294030,602220079.4,66.10396551018019,64.71792741198063,,,,,17.855501045446662,32.462326157603286,14.656857466887217
2026-01-12,11162.15,11729.65,11048.25,11600.05,10440.942500000001,11395.701238779024,9486.183761220978,755012328,625672484.75,71.20783578973143,65.11764166549241,,,,,19.412874964167266,30.037751974713572,12.978177934033255
2026-01-19,11603.5,11783.9,11246.95,11477.8,10530.750000000002,11520.200542472818,9541.299457527186,908572421,644724482.35,68.5194485645466,65.4339570054332,,,,,20.955205303882632,28.271866543413033,11.828507696622967
2026-01-27,11710.6,12509.75,11187.2,11348.65,10604.0025,11607.785404055932,9600.219595944069,1727915959,706982171.5,65.69753730262148,65.40487720888315,65.69753730262148,,,,23.41277096746895,33.33502167075598,9.577929375201908
2026-02-02,11343.1,12104.3,11227.9,11943.15,10701.665,11820.891113035184,9582.438886964817,1041151509,735702150.7,71.51337884556189,65.55542534144509,,,,,25.694796226513393,29.349866332388604,8.432901279612672
2026-02-09,12129.05,12325.1,11841.25,11872.8,10800.8925,11965.05114480533,9636.73385519467,794614514,745638334.3,70.00090509471877,65.93711524080624,,,,,28.065905345546504,30.430504677637696,7.873281144001936
2026-02-16,11776.55,12098.25,11713.05,11989.95,10886.535,12133.060824080629,9640.009175919371,525272007,743767732.8,71.09714149718432,66.33071259539562,,,,,29.733023185879038,28.792354499447434,9.241064391280384
2026-02-23,12109.8,12457,11875.3,12240.65,10985.49,12328.346097502612,9642.633902497388,701758696,743047792.2,73.3421496265262,67.4843845239907,,,73.3421496265262,,31.712557173524786,31.43920910633928,8.497162046326991
2026-03-02,11909.9,12344.8,11671.5,12000.45,11075.5475,12436.881736135594,9714.213263864407,680406790,754802525.45,67.90023468899659,68.07923411472946,,,,,32.755843409040075,28.57218335477235,10.482578367532941
2026-03-09,11751.7,12103.95,11249.5,11292.5,11122.8,12444.801585097379,9800.79841490262,641552797,769570773.8,54.957179174157524,67.69621073844702,,,,,32.30167474306459,25.405851307833753,14.794081299481553
2026-03-16,11262.25,11676.15,11198.8,11412.75,11162.83,12468.94642030867,9856.71357969133,753985905,768051441.35,56.474834505910565,67.20554132801688,,,,,31.72366058400008,23.817851082194043,14.533250218993663
2026-03-23,11215.15,11387.65,10819.85,11161.65,11199.5725,12461.393527117114,9937.751472882886,611861037,777153275.4,52.49715616756479,66.45964005960167,52.49715616756479,,,,30.101900358533822,21.980142988876448,18.34335929089648
2026-03-30,11154.9,11573,11052.55,11456.6,11247.664999999999,12471.102136145546,10024.227863854452,574693430,765826806.8,56.383258904237636,65.69158843633025,,,,,28.989278067202317,22.906933117183744,17.09637700390604
2026-04-06,11431.4,12387.15,11366.1,12356.4,11358.357500000002,12562.263615639748,10154.451384360256,736591306,780969060.25,65.62275034534628,65.09412685837746,,,,,29.31497142642457,30.044080058673437,14.949268317588697
2026-04-13,12147.75,12902.7,12104.3,12880,11487.705,12759.935324233787,10215.474675766212,578899447,786219527.5,69.6515011125079,65.34752225854373,,,,,30.242882850267115,33.346484229441614,13.519490753718072
2026-04-20,12854.6,12986.6,12618.35,12746.65,11608.02,12878.599003604268,10337.440996395733,604734084,787423354.1,67.48245777036797,65.0814238285892,,,,,31.19754117576101,32.867426433115554,12.906351743454204
2026-04-27,12851.1,13164.3,12805.85,12833.05,11722.85,13000.392381293088,10445.307618706913,719544713,793492319.95,68.1740101426075,65.05674965559355,,,,,32.28124977441542,33.37549404358698,12.228956076778207
2026-05-04,12911.15,13256.2,12880.95,13050.95,11849.3425,13126.856662455728,10571.828337544273,761126316,803155376.9,69.91193045008312,65.3577777375551,,,,,33.38924992668691,32.74406662267827,11.566571651194165
2026-05-11,12997.55,13628.65,12865.3,13300.6,11974.065,13305.755345050218,10642.374654949783,1090129878,824884292.45,71.81118748018989,65.37904978288567,,,,,34.805325658813594,34.27194381885398,10.465318359048602
2026-05-18,13157.65,13348.4,12985,13271.6,12066.552500000002,13486.029360845187,10647.075639154817,700255523,793618634.5,71.24856555261466,65.4681683870211,,,,,36.12025312435979,32.67691157599709,9.97825756370318
2026-05-25,13355.7,13873.75,13271.65,13440.95,12183.86,13649.73976096265,10717.980239037352,736701246,782238995.3,72.59867209635428,65.5754205726761,,,72.59867209635428,72.59867209635428,37.826496849617534,36.86129381353485,9.213116121137636
2026-06-01,13505.15,13629.15,13125.85,13221.65,12264.94,13771.506427874949,10758.373572125052,796397482,784308253,68.13669146495965,65.2036021325642,,,,,38.93550046828349,34.48129107299974,10.488670799384105
2026-06-08,13011.1,13075.55,12627.6,12854.5,12333.775,13815.796489554054,10851.753510445946,608112246,769285244.25,61.339509636276006,64.73497891451272,,,,,38.51118109630231,31.866026957268975,16.054601557111233
2026-06-15,13004.9,13931.35,12757.7,13020.8,12417.382500000002,13855.69166574804,10979.073334251963,1753226967,770550794.65,63.13347261987787,65.31899987492133,,,,,39.060710899704645,37.5701978961108,13.823805194995563
2026-06-22,13053.85,13106.4,12428.25,12445.65,12442.507500000002,13864.263003339047,11020.751996660956,1120374691,774511953.75,53.83001874690488,65.13008446356378,,,,,38.78195131900372,34.58027058971947,16.589842830276627
2026-06-29,12447.15,12744.55,12375.05,12598.45,12478.790000000003,13877.386910335377,11080.193089664628,738767167,771719586.4,55.69784426138247,65.35870504169361,,,,,38.397899733583266,33.03751244928269,16.492048972620655
2026-07-06,12648.2,12822.05,12394.55,12688.9,12513.737500000001,13896.569499873762,11130.90550012624,438353196,767373645.85,56.8116591675498,65.38930506050163,,,,,38.1361313334037,32.252410576886625,15.623576083487155
2026-07-13,12584.7,12768.25,12510.55,12677.7,12535.59,13914.276184960094,11156.903815039906,219590998,743265260.95,56.621828580078045,64.74638207726818,,,,,37.893060676094116,31.186285204457572,15.107128147573235